value,confidence,x1,y1,x2,y2,tile_id,word_idx
6,0.9999982118606567,0.6533474392361112,0.1068115234375,0.6574164496527778,0.1153564453125,6,0
G,0.999996542930603,0.2593315972222222,0.7729085286458334,0.2640787760416667,0.78125,42,1
@,0.9999964237213135,0.322265625,0.6339518229166666,0.3245713975694444,0.638427734375,33,2
S,0.9999960660934448,0.13685438368055555,0.1361083984375,0.1388888888888889,0.14119466145833334,0,3
@,0.9999932050704956,0.3218587239583333,0.4777018229166667,0.3251139322916667,0.4829915364583333,23,4
@,0.9999905824661255,0.3221299913194444,0.4254150390625,0.3248426649305556,0.4298909505208333,23,5
C,0.9999879598617554,0.2593315972222222,0.4182942708333333,0.2640787760416667,0.4270426432291667,22,6
@,0.9999878406524658,0.322265625,0.3474934895833333,0.3248426649305556,0.3515625,13,7
4,0.9999876022338867,0.657958984375,0.4872639973958333,0.6597222222222222,0.4913330078125,26,8
4,0.9999845027923584,0.6279839409722222,0.6431070963541666,0.6298828125,0.6463623046875,35,9
8,0.9999774694442749,0.6022135416666666,0.76171875,0.6041124131944444,0.7657877604166666,45,10
5,0.9999760389328003,0.5973307291666666,0.10640462239583333,0.601806640625,0.11555989583333333,5,11
A,0.9999759197235107,0.1373969184027778,0.11494954427083333,0.1388888888888889,0.11942545572916667,0,12
3,0.9999752044677734,0.513916015625,0.106201171875,0.5185275607638888,0.11555989583333333,4,13
5.5,0.9999750852584839,0.3758409288194444,0.2927652994791667,0.3815375434027778,0.2984619140625,13,14
PIPE,0.9999591112136841,0.07066514756944445,0.14322916666666666,0.07826063368055555,0.14872233072916666,0,15
2,0.9999524354934692,0.557861328125,0.4868570963541667,0.560302734375,0.491943359375,25,16
4.11.2017,0.9999505281448364,0.9132215711805556,0.6447347005208334,0.9262424045138888,0.6486002604166666,48,17
4,0.999946117401123,0.6277126736111112,0.76171875,0.6297471788194444,0.765380859375,45,18
1,0.9999399185180664,0.4672580295138889,0.6424967447916666,0.4680718315972222,0.6441243489583334,34,19
ARE,0.9999376535415649,0.12559678819444445,0.17476399739583334,0.1321072048611111,0.18025716145833334,10,20
4,0.9999345541000366,0.5647786458333334,0.10762532552083333,0.5684407552083334,0.11372884114583333,5,21
53,0.999933123588562,0.655517578125,0.12736002604166666,0.6597222222222222,0.13387044270833334,5,22
2,0.9999282360076904,0.4117838541666667,0.10640462239583333,0.416259765625,0.11576334635416667,3,23
S,0.999923825263977,0.9281412760416666,0.9342447916666666,0.9375,0.9515380859375,58,24
OR,0.9999181032180786,0.06795247395833333,0.0897216796875,0.07310655381944445,0.09562174479166667,0,25
TO,0.9999163150787354,0.15665690104166666,0.16743977864583334,0.16099717881944445,0.17293294270833334,1,26
DO,0.9999128580093384,0.05221896701388889,0.11433919270833333,0.05710177951388889,0.11962890625,0,27
OR,0.999911904335022,0.1174587673611111,0.11433919270833333,0.12220594618055555,0.11962890625,1,28
+,0.9999099969863892,0.7522243923611112,0.7330322265625,0.7530381944444444,0.7344563802083334,46,29
1,0.9999076128005981,0.3548177083333333,0.107421875,0.3571234809027778,0.11372884114583333,3,30
SHALL,0.999907374382019,0.14906141493055555,0.1922607421875,0.1589626736111111,0.19694010416666666,11,31
SHALL,0.9999071359634399,0.11949327256944445,0.1849365234375,0.12925889756944445,0.18961588541666666,11,32
NOT,0.9999065399169922,0.059271918402777776,0.11454264322916667,0.06578233506944445,0.11942545572916667,0,33
"DUCTS,",0.9999034404754639,0.16153971354166666,0.13631184895833334,0.17293294270833334,0.1416015625,1,34
BANDED,0.9999004602432251,0.7760959201388888,0.5891927083333334,0.7888454861111112,0.5942789713541666,37,35
OR,0.9998971223831177,0.06388346354166667,0.1434326171875,0.06876627604166667,0.14851888020833334,0,36
(15),0.9998959302902222,0.4813639322916667,0.7840983072916666,0.4888237847222222,0.7916259765625,44,37
BARS,0.9998934268951416,0.10999891493055555,0.10457356770833333,0.11854383680555555,0.10986328125,0,38
IS,0.9998912811279297,0.09114583333333333,0.1287841796875,0.09440104166666667,0.13407389322916666,0,39
SHEET,0.99988853931427,0.9130859375,0.9055582682291666,0.9231228298611112,0.9100341796875,58,40
SHALL,0.9998853206634521,0.10850694444444445,0.22379557291666666,0.11827256944444445,0.22847493489583334,10,41
A,0.999884843826294,0.2590603298611111,0.206298828125,0.2646213107638889,0.21565755208333334,12,42
4,0.9998819828033447,0.6281195746527778,0.7080078125,0.6298828125,0.7114664713541666,45,43
F,0.9998788833618164,0.2601453993055556,0.7537841796875,0.2635362413194444,0.76171875,42,44
A.,0.9998781681060791,0.9432508680555556,0.2604166666666667,0.9478624131944444,0.2667236328125,19,45
FOR,0.9998757839202881,0.1137966579861111,0.07283528645833333,0.12030707465277778,0.07832845052083333,1,46
THE,0.9998733997344971,0.16438802083333334,0.11454264322916667,0.17076280381944445,0.11942545572916667,1,47
SEE,0.9998712539672852,0.05235460069444445,0.21341959635416666,0.05886501736111111,0.21891276041666666,10,48
THE,0.9998655319213867,0.13427734375,0.06306966145833333,0.1406521267361111,0.06856282552083333,1,49
1:6.,0.999862551689148,0.17374674479166666,0.18473307291666666,0.1797146267361111,0.1898193359375,11,50
TH,0.999862551689148,0.13427734375,0.06306966145833333,0.1388888888888889,0.06856282552083333,0,51
AT,0.9998542070388794,0.0991482204861111,0.16764322916666666,0.1034884982638889,0.17293294270833334,10,52
SCREW,0.9998515844345093,0.12451171875,0.11474609375,0.1352267795138889,0.11922200520833333,1,53
MILD,0.9998394250869751,0.1437717013888889,0.22359212239583334,0.15096028645833334,0.22847493489583334,11,54
NOT,0.9998370409011841,0.09657118055555555,0.12898763020833334,0.10308159722222222,0.13387044270833334,0,55
IS,0.9998252987861633,0.08409288194444445,0.07303873697916667,0.08734809027777778,0.078125,0,56
(9),0.9998225569725037,0.3261990017361111,0.7366943359375,0.3314887152777778,0.7444254557291666,42,57
OR,0.9998210072517395,0.14933268229166666,0.09724934895833333,0.1540798611111111,0.1025390625,1,58
SHALL,0.9998119473457336,0.13712565104166666,0.13651529947916666,0.1470269097222222,0.14119466145833334,1,59
(4),0.9998090863227844,0.3689236111111111,0.7430013020833334,0.3740776909722222,0.7505289713541666,43,60
1,0.9998000264167786,0.4665798611111111,0.4868570963541667,0.4673936631944444,0.4884847005208333,34,61
OF,0.999799907207489,0.068359375,0.16743977864583334,0.0729709201388889,0.17293294270833334,10,62
SCALE:,0.999795138835907,0.4401312934027778,0.9486083984375,0.4511176215277778,0.9538981119791666,63,63
POST,0.9997900128364563,0.13102213541666666,0.1214599609375,0.1388888888888889,0.126953125,0,64
D,0.9997885823249817,0.2596028645833333,0.5517578125,0.2643500434027778,0.5598958333333334,32,65
A,0.9997879862785339,0.184326171875,0.1605224609375,0.186767578125,0.1654052734375,1,66
T,0.9997825026512146,0.1369900173611111,0.15055338541666666,0.1388888888888889,0.1556396484375,0,67
2,0.9997794032096863,0.5579969618055556,0.4345703125,0.5601671006944444,0.439453125,25,68
GREATER,0.9997774958610535,0.05276150173611111,0.09765625,0.06659613715277778,0.10213216145833333,0,69
WITH,0.999769389629364,0.0698513454861111,0.1922607421875,0.0771755642361111,0.19694010416666666,10,70
SWEEP,0.9997637867927551,0.074462890625,0.18473307291666666,0.08531358506944445,0.19002278645833334,0,71
4,0.9997565150260925,0.55908203125,0.7082112630208334,0.5608452690972222,0.7114664713541666,45,72
(3),0.9997370839118958,0.3188747829861111,0.4697672526041667,0.3240288628472222,0.4774983723958333,22,73
WITH,0.9997337460517883,0.12464735243055555,0.06306966145833333,0.1323784722222222,0.068359375,1,74
BAR,0.9997212290763855,0.0857204861111111,0.22359212239583334,0.09195963541666667,0.22847493489583334,10,75
"SUPPORTS,",0.9997177720069885,0.08043077256944445,0.14363606770833334,0.09833441840277778,0.14872233072916666,0,76
TENDONS,0.9997158646583557,0.7689073350694444,0.5954996744791666,0.7839626736111112,0.6005859375,37,77
SHALL,0.9997113347053528,0.0876193576388889,0.23356119791666666,0.09752061631944445,0.23824055989583334,10,78
OF,0.9997102618217468,0.16845703125,0.07283528645833333,0.17320421006944445,0.07832845052083333,1,79
P-T,0.9997075200080872,0.9326171875,0.8734130859375,0.9426540798611112,0.8821614583333334,58,80
BE,0.9997065663337708,0.12044270833333333,0.223388671875,0.12491861979166667,0.22867838541666666,10,81
BANDED,0.9996973276138306,0.3868272569444444,0.7859293619791666,0.399169921875,0.7904052734375,43,82
THE,0.9996944665908813,0.13712565104166666,0.1507568359375,0.14322916666666666,0.1556396484375,1,83
WALL,0.9996918439865112,0.15611436631944445,0.09765625,0.1642523871527778,0.10233561197916667,1,84
T,0.999688982963562,0.10416666666666667,0.223388671875,0.1064724392361111,0.22867838541666666,11,85
MILD,0.9996780157089233,0.05235460069444445,0.223388671875,0.05995008680555555,0.22867838541666666,10,86
ALL,0.9996728897094727,0.17469618055555555,0.07283528645833333,0.18107096354166666,0.07832845052083333,1,87
FOR,0.9996663331985474,0.052490234375,0.1605224609375,0.05886501736111111,0.1654052734375,10,88
THE,0.9996629953384399,0.1352267795138889,0.22359212239583334,0.14146592881944445,0.22847493489583334,11,89
6.,0.9996564388275146,0.044623480902777776,0.1605224609375,0.048014322916666664,0.16581217447916666,10,90
BY:,0.999649167060852,0.9250217013888888,0.6195068359375,0.9300401475694444,0.6243896484375,38,91
(3),0.9996428489685059,0.3188747829861111,0.5476888020833334,0.3240288628472222,0.5552164713541666,32,92
(8),0.9996321201324463,0.7122124565972222,0.7840983072916666,0.7175021701388888,0.7918294270833334,46,93
ALL,0.9996223449707031,0.1276312934027778,0.12898763020833334,0.1335991753472222,0.13407389322916666,1,94
"CHASES,",0.9996119141578674,0.1752387152777778,0.13631184895833334,0.18880208333333334,0.14139811197916666,1,95
RAD,0.9996076226234436,0.9460991753472222,0.6280517578125,0.9524739583333334,0.6327311197916666,49,96
(2),0.9996008276939392,0.07500542534722222,0.167236328125,0.08002387152777778,0.1739501953125,0,97
TH,0.9995834231376648,0.1352267795138889,0.22318522135416666,0.1388888888888889,0.2288818359375,10,98
(4),0.9995681643486023,0.3187391493055556,0.6258138020833334,0.3238932291666667,0.633544921875,33,99
EOR,0.99955815076828,0.06103515625,0.19938151041666666,0.06754557291666667,0.20426432291666666,0,100
THE,0.9995430707931519,0.052490234375,0.07283528645833333,0.059000651041666664,0.07832845052083333,0,101
7.,0.9995421171188354,0.044487847222222224,0.184326171875,0.04855685763888889,0.1904296875,0,102
BY:,0.9995352029800415,0.9293619791666666,0.6280517578125,0.9343804253472222,0.6329345703125,48,103
BE,0.9995294809341431,0.13997395833333334,0.18473307291666666,0.14444986979166666,0.19002278645833334,11,104
(7),0.9995294809341431,0.3188747829861111,0.2752685546875,0.3240288628472222,0.2827962239583333,12,105
BANDED,0.9995254278182983,0.6357150607638888,0.3877766927083333,0.6484646267361112,0.3928629557291667,26,106
PRIOR,0.999524712562561,0.052490234375,0.206298828125,0.062255859375,0.21158854166666666,10,107
OF,0.9995150566101074,0.08734809027777778,0.18473307291666666,0.09195963541666667,0.19002278645833334,0,108
PRIOR,0.9995123147964478,0.1025390625,0.1507568359375,0.1120334201388889,0.15543619791666666,0,109
19,0.9995002746582031,0.3851996527777778,0.2927652994791667,0.3898111979166667,0.299072265625,13,110
TENDONS,0.9994974136352539,0.6277126736111112,0.7914225260416666,0.6429036458333334,0.7965087890625,55,111
BEFORE,0.9994841814041138,0.07880316840277778,0.17496744791666666,0.09141710069444445,0.1800537109375,10,112
B,0.9994747042655945,0.9379611545138888,0.262451171875,0.9405381944444444,0.2667236328125,19,113
(10),0.9994658827781677,0.6206597222222222,0.7840983072916666,0.6279839409722222,0.7916259765625,55,114
5.,0.9994539618492126,0.044352213541666664,0.11393229166666667,0.048421223958333336,0.12003580729166667,0,115
STRESS,0.9994181394577026,0.17008463541666666,0.1605224609375,0.1824273003472222,0.16560872395833334,1,116
SLAB,0.9994100332260132,0.1052517361111111,0.16764322916666666,0.11338975694444445,0.17293294270833334,0,117
4.,0.9993904829025269,0.044487847222222224,0.0897216796875,0.048421223958333336,0.09562174479166667,0,118
UPI,0.9993709921836853,0.4402669270833333,0.9307861328125,0.4513888888888889,0.9409586588541666,53,119
SYSTEMS,0.9993405938148499,0.152587890625,0.12898763020833334,0.1669650607638889,0.13407389322916666,1,120
SUBMITTAL,0.9993239641189575,0.9478081597222222,0.64453125,0.9646267361111112,0.6488037109375,48,121
AND,0.9993150234222412,0.10918511284722222,0.19938151041666666,0.11583116319444445,0.20426432291666666,1,122
SEAL:,0.9992660880088806,0.9129503038194444,0.24149576822916666,0.9214952256944444,0.2459716796875,18,123
"LIST,",0.9992546439170837,0.17130533854166666,0.046183268229166664,0.1787651909722222,0.051676432291666664,1,124
4,0.9992508292198181,0.5958387586805556,0.6182861328125,0.5988226996527778,0.6217447916666666,35,125
INTO,0.9992266893386841,0.15516493055555555,0.11454264322916667,0.162353515625,0.11942545572916667,1,126
THE,0.9992163181304932,0.12220594618055555,0.07283528645833333,0.1287163628472222,0.07832845052083333,0,127
ETC.),0.999211311340332,0.12613932291666666,0.135498046875,0.1348198784722222,0.142822265625,0,128
SHEET,0.9992064833641052,0.9130859375,0.830078125,0.9231228298611112,0.8345540364583334,58,129
THE,0.9992042183876038,0.0937228732638889,0.18452962239583334,0.10023328993055555,0.19002278645833334,10,130
THE,0.9992042183876038,0.12261284722222222,0.1214599609375,0.1291232638888889,0.126953125,0,131
RIOR,0.999123752117157,0.10443793402777778,0.15055338541666666,0.1123046875,0.15584309895833334,1,132
1.,0.9991220831871033,0.04421657986111111,0.045572916666666664,0.048149956597222224,0.051676432291666664,0,133
PLACE,0.9991040825843811,0.14933268229166666,0.13651529947916666,0.15909830729166666,0.14119466145833334,1,134
SLAB,0.9990911483764648,0.09209526909722222,0.15055338541666666,0.10009765625,0.15584309895833334,0,135
(4),0.9990625977516174,0.3187391493055556,0.3391520182291667,0.3237575954861111,0.3468831380208333,13,136
GREATER,0.9990577101707458,0.11474609375,0.19205729166666666,0.1288519965277778,0.1971435546875,0,137
GREATER,0.9990493655204773,0.15489366319444445,0.20670572916666666,0.1687282986111111,0.211181640625,11,138
TENDONS,0.999040424823761,0.3759765625,0.7440185546875,0.3910319010416667,0.7491048177083334,43,139
TENDONS,0.9989805817604065,0.325927734375,0.4709879557291667,0.3408474392361111,0.4754638671875,33,140
A,0.9989659786224365,0.1340060763888889,0.20670572916666666,0.1357693142361111,0.20833333333333334,0,141
"SEQUENCE,",0.9989540576934814,0.09602864583333333,0.16072591145833334,0.11406792534722222,0.16581217447916666,0,142
DATE:,0.9989527463912964,0.9130859375,0.6365966796875,0.9217664930555556,0.6410725911458334,38,143
ANY,0.9989126920700073,0.10552300347222222,0.09745279947916667,0.11216905381944445,0.10233561197916667,1,144
TENDONS,0.9988834261894226,0.3843858506944444,0.7924397786458334,0.3993055555555556,0.7969156901041666,43,145
WITHOUT,0.9988695979118347,0.17252604166666666,0.12186686197916667,0.1860894097222222,0.1263427734375,1,146
COLUMN,0.9988641738891602,0.13387044270833334,0.09765625,0.1470269097222222,0.10213216145833333,1,147
THAN,0.9988478422164917,0.1308865017361111,0.19185384114583334,0.1388888888888889,0.19734700520833334,0,148
PER,0.9988242983818054,0.12681749131944445,0.223388671875,0.13346354166666666,0.2288818359375,10,149
FLOOR,0.9988210797309875,0.46630859375,0.9318033854166666,0.489501953125,0.93994140625,54,150
/,0.9988106489181519,0.5585394965277778,0.4878743489583333,0.5597601996527778,0.4901123046875,35,151
TENDON,0.9988052845001221,0.05262586805555555,0.2337646484375,0.06537543402777778,0.23824055989583334,10,152
BANDED,0.9987881779670715,0.3337944878472222,0.7381184895833334,0.3462727864583333,0.7425944010416666,43,153
4,0.9987351298332214,0.5954318576388888,0.3997802734375,0.5978732638888888,0.4024251302083333,25,154
X.1,0.9987302422523499,0.4683430989583333,0.16072591145833334,0.4791937934027778,0.17130533854166666,4,155
IG,0.9987301230430603,0.10416666666666667,0.19917805989583334,0.10728624131944445,0.2044677734375,1,156
EDGES,0.9987188577651978,0.1156955295138889,0.1678466796875,0.12586805555555555,0.17252604166666666,11,157
2.,0.9986949563026428,0.044352213541666664,0.0628662109375,0.048149956597222224,0.06876627604166667,0,158
DRAWING,0.9986879229545593,0.15516493055555555,0.04638671875,0.16886393229166666,0.050862630208333336,1,159
ALL,0.9986810088157654,0.06551106770833333,0.06327311197916667,0.07147894965277778,0.068359375,0,160
1,0.9986672401428223,0.4665798611111111,0.4347737630208333,0.4673936631944444,0.4361979166666667,24,161
TENDONS,0.9986571073532104,0.7173665364583334,0.7914225260416666,0.732421875,0.7965087890625,46,162
COLUMN,0.9986334443092346,0.05262586805555555,0.09012858072916667,0.06591796875,0.09521484375,0,163
EOR,0.9986265897750854,0.08260091145833333,0.1287841796875,0.08924696180555555,0.13427734375,0,164
PLACING,0.9985987544059753,0.07080078125,0.10498046875,0.0839572482638889,0.10945638020833333,0,165
AND,0.9985886216163635,0.12030707465277778,0.10477701822916667,0.126953125,0.10965983072916667,1,166
PERPE,0.9985635876655579,0.128173828125,0.167236328125,0.1388888888888889,0.17313639322916666,10,167
ERMIT,0.9984815716743469,0.9375,0.6441243489583334,0.9471842447916666,0.6494140625,39,168
BE,0.9984727501869202,0.18324110243055555,0.08992513020833333,0.18758138020833334,0.09541829427083333,1,169
SPECIAL,0.9984238147735596,0.08829752604166667,0.0537109375,0.101318359375,0.058186848958333336,0,170
/,0.9983693957328796,0.7444932725694444,0.10721842447916667,0.7477484809027778,0.11454264322916667,7,171
1.75,0.9983429908752441,0.4641384548611111,0.7289632161458334,0.4717339409722222,0.7346598307291666,44,172
NOT,0.9983377456665039,0.13142903645833334,0.18452962239583334,0.13834635416666666,0.19022623697916666,10,173
BE,0.9982917904853821,0.16099717881944445,0.19185384114583334,0.16560872395833334,0.19734700520833334,1,174
ETC.,0.9982485771179199,0.17347547743055555,0.14363606770833334,0.18025716145833334,0.14851888020833334,1,175
B,0.9982417821884155,0.2596028645833333,0.2852376302083333,0.2640787760416667,0.2945963541666667,12,176
BU,0.9982391595840454,0.135498046875,0.1287841796875,0.1388888888888889,0.13448079427083334,0,177
(,0.9982315897941589,0.1376681857638889,0.16072591145833334,0.1388888888888889,0.16459147135416666,10,178
BANDED,0.998230516910553,0.6301540798611112,0.784912109375,0.6429036458333334,0.7899983723958334,55,179
SLAB,0.9981532692909241,0.08246527777777778,0.0311279296875,0.0930447048611111,0.037027994791666664,0,180
1.75,0.9981445074081421,0.7029893663194444,0.760498046875,0.7103135850694444,0.7661946614583334,46,181
BE,0.9980849027633667,0.09955512152777778,0.23335774739583334,0.10416666666666667,0.2386474609375,10,182
1,0.9980366826057434,0.4090711805555556,0.618896484375,0.4104275173611111,0.6207275390625,33,183
STAMP:,0.9980121850967407,0.9384494357638888,0.7234700520833334,0.9493001302083334,0.7273356119791666,48,184
TTP/TLT,0.9980061650276184,0.9458279079861112,0.6193033854166666,0.9596625434027778,0.6243896484375,39,185
1.75,0.9979427456855774,0.703125,0.706787109375,0.7107204861111112,0.7124837239583334,46,186
TO,0.9978477954864502,0.06415473090277778,0.1043701171875,0.0686306423611111,0.10986328125,0,187
TO,0.9978306889533997,0.06415473090277778,0.206298828125,0.0686306423611111,0.2117919921875,10,188
THE,0.9977776408195496,0.052490234375,0.19938151041666666,0.05886501736111111,0.20426432291666666,10,189
TENDONS,0.9977478384971619,0.4885525173611111,0.7914225260416666,0.5036078559027778,0.7965087890625,44,190
BANDED,0.9977449178695679,0.7196723090277778,0.784912109375,0.732421875,0.7899983723958334,46,191
BANDED,0.9977293610572815,0.09358723958333333,0.17496744791666666,0.10633680555555555,0.1800537109375,0,192
1.75,0.9977117776870728,0.703125,0.7289632161458334,0.7107204861111112,0.7346598307291666,46,193
5.5,0.9976968169212341,0.5269368489583334,0.2842203776041667,0.533447265625,0.2909342447916667,15,194
(3),0.9976595640182495,0.4816351996527778,0.3025309244791667,0.4869249131944444,0.3102620442708333,14,195
1.75,0.9975492358207703,0.7040744357638888,0.6418863932291666,0.711669921875,0.6473795572916666,36,196
TENDON,0.9973694086074829,0.0783962673611111,0.1995849609375,0.09114583333333333,0.20406087239583334,0,197
TENDONS,0.9973209500312805,0.5723741319444444,0.7920328776041666,0.587158203125,0.7965087890625,45,198
HANGER,0.9972056746482849,0.1416015625,0.1434326171875,0.15462239583333334,0.14851888020833334,1,199
NSIONED,0.997186005115509,0.5221896701388888,0.931396484375,0.5540635850694444,0.9401448567708334,55,200
THAN,0.9971466660499573,0.16276041666666666,0.1849365234375,0.17103407118055555,0.18961588541666666,1,201
"EPOXY,",0.997126042842865,0.08246527777777778,0.11454264322916667,0.09385850694444445,0.11983235677083333,0,202
EXCESSIVE,0.9969678521156311,0.1144748263888889,0.09765625,0.1312934027777778,0.10213216145833333,1,203
4,0.9969570636749268,0.6722005208333334,0.487060546875,0.6742350260416666,0.4905192057291667,36,204
4/26/17,0.9968608617782593,0.9459635416666666,0.3279622395833333,0.9756673177083334,0.3401692708333333,19,205
BANDED,0.9968557357788086,0.5745442708333334,0.7851155598958334,0.5872938368055556,0.7902018229166666,55,206
THE,0.996819019317627,0.16276041666666666,0.16743977864583334,0.16927083333333334,0.17293294270833334,1,207
3.,0.9967867136001587,0.044623480902777776,0.07303873697916667,0.048014322916666664,0.07832845052083333,0,208
NOTES.,0.9967796206474304,0.1015896267361111,0.24088541666666666,0.11271158854166667,0.245361328125,10,209
PLACING,0.9967595934867859,0.07080078125,0.20670572916666666,0.08409288194444445,0.211181640625,10,210
THAN,0.9967162609100342,0.06903754340277778,0.09765625,0.07703993055555555,0.10233561197916667,0,211
"INSERTS,",0.9967117309570312,0.1567925347222222,0.14363606770833334,0.17103407118055555,0.14872233072916666,1,212
BUILDING,0.9966891407966614,0.1357693142361111,0.12898763020833334,0.15028211805555555,0.13407389322916666,1,213
8.,0.9966763257980347,0.044487847222222224,0.22318522135416666,0.048149956597222224,0.22908528645833334,10,214
NOTES,0.9964450001716614,0.10606553819444445,0.0311279296875,0.12030707465277778,0.037027994791666664,1,215
E.1,0.9962561130523682,0.8368598090277778,0.6648763020833334,0.8528645833333334,0.6756591796875,37,216
16',0.9961735606193542,0.6201171875,0.9537760416666666,0.6255425347222222,0.9598795572916666,55,217
FIRE,0.9961507320404053,0.09412977430555555,0.13631184895833334,0.10118272569444445,0.14119466145833334,0,218
PERMITTED.,0.9961308240890503,0.1052517361111111,0.12898763020833334,0.12342664930555555,0.13407389322916666,0,219
"EXPANSION,",0.9961158037185669,0.096435546875,0.11474609375,0.11528862847222222,0.11983235677083333,0,220
T,0.9961038827896118,0.9375,0.8732096354166666,0.9427083333333334,0.8827718098958334,59,221
INTO,0.99604332447052,0.1825629340277778,0.14363606770833334,0.18961588541666666,0.1483154296875,1,222
TENDON,0.9958655834197998,0.06089952256944445,0.1605224609375,0.07378472222222222,0.16560872395833334,10,223
REVIEWED,0.9958631992340088,0.1677788628472222,0.19246419270833334,0.18296983506944445,0.19694010416666666,1,224
PLAN.,0.9957982897758484,0.177001953125,0.22379557291666666,0.1860894097222222,0.22847493489583334,11,225
DESCRIPTION,0.9957668781280518,0.9357367621527778,0.6365966796875,0.9559461805555556,0.640869140625,48,226
PRIOR,0.9957459568977356,0.052490234375,0.10477701822916667,0.06212022569444445,0.10945638020833333,0,227
T,0.9955964684486389,0.1315646701388889,0.20670572916666666,0.1335991753472222,0.20833333333333334,0,228
NOT,0.995546817779541,0.174560546875,0.08992513020833333,0.1813422309027778,0.09541829427083333,1,229
GENERAL,0.9955189228057861,0.12451171875,0.046183268229166664,0.13902452256944445,0.05126953125,1,230
ER,0.9953433871269226,0.9375,0.8601888020833334,0.9460991753472222,0.870361328125,59,231
THE,0.9952320456504822,0.05235460069444445,0.15034993489583334,0.059000651041666664,0.15584309895833334,0,232
i,0.995183527469635,0.7522243923611112,0.6724039713541666,0.7530381944444444,0.6740315755208334,47,233
4,0.9951287508010864,0.3824869791666667,0.6435139973958334,0.3846571180555556,0.6463623046875,33,234
AND,0.9950242638587952,0.1325141059027778,0.14322916666666666,0.13956705729166666,0.14872233072916666,1,235
RS,0.994999885559082,0.10416666666666667,0.0897216796875,0.10782877604166667,0.09562174479166667,1,236
4,0.9948229789733887,0.5592176649305556,0.6439208984375,0.5607096354166666,0.6461588541666666,35,237
"NOTES,",0.9946925044059753,0.1410590277777778,0.045979817708333336,0.152587890625,0.0518798828125,1,238
VERIFY,0.9945915341377258,0.052490234375,0.06327311197916667,0.0637478298611111,0.068359375,0,239
FLOOR,0.9945902824401855,0.9471299913194444,0.8607991536458334,0.9669325086805556,0.8689371744791666,58,240
TENDONS,0.9945224523544312,0.5645073784722222,0.2691650390625,0.5796983506944444,0.2750651041666667,15,241
2.20,0.9943411350250244,0.9375,0.9375,0.9632703993055556,0.9518636067708334,68,242
DETAIL,0.9943389296531677,0.06089952256944445,0.213623046875,0.07147894965277778,0.21891276041666666,10,243
"1:12,",0.994057297706604,0.18174913194444445,0.20609537760416666,0.1901584201388889,0.21219889322916666,11,244
2.2b,0.9940024018287659,0.9393988715277778,0.9332275390625,0.9638129340277778,0.9525553385416666,58,245
STRESSING,0.9938713312149048,0.07636176215277778,0.16092936197916666,0.09358723958333333,0.16520182291666666,0,246
SWEEP,0.993854284286499,0.10172526041666667,0.1922607421875,0.11244032118055555,0.1971435546875,10,247
PROJECT,0.9938271641731262,0.9130859375,0.6113688151041666,0.9270562065972222,0.6156412760416666,38,248
TO,0.9935488104820251,0.11393229166666667,0.15034993489583334,0.118408203125,0.15584309895833334,1,249
"9'-0""",0.9934275150299072,0.5269368489583334,0.15340169270833334,0.5373806423611112,0.1605224609375,5,250
-,0.9932788014411926,0.5536566840277778,0.9501139322916666,0.5550130208333334,0.9529622395833334,54,251
CONCRETE.,0.9932768940925598,0.08653428819444445,0.20670572916666666,0.1040310329861111,0.211181640625,10,252
SLEEVES,0.9931963682174683,0.1169162326388889,0.1434326171875,0.13075086805555555,0.14851888020833334,0,253
UPPER,0.9930166006088257,0.9250217013888888,0.8607991536458334,0.9449598524305556,0.8689371744791666,58,254
DIMENSIONS,0.9928828477859497,0.07364908854166667,0.0634765625,0.0927734375,0.06795247395833333,0,255
MARKED;,0.9927045702934265,0.1312934027777778,0.23356119791666666,0.1449924045138889,0.2386474609375,11,256
OF,0.9923640489578247,0.9376898871527778,0.2687581380208333,0.9428439670138888,0.274658203125,19,257
DESIGN,0.9923622608184814,0.13075086805555555,0.07303873697916667,0.1422797309027778,0.078125,1,258
I,0.9923560619354248,0.2772352430555556,0.7255045572916666,0.2780490451388889,0.7271321614583334,42,259
(6),0.9921160340309143,0.6278483072916666,0.3865559895833333,0.6338161892361112,0.3946940104166667,26,260
CONTRACTOR,0.9920817613601685,0.06117078993055555,0.0732421875,0.081787109375,0.07771809895833333,0,261
DRAWINGS.,0.9920514822006226,0.17049153645833334,0.0634765625,0.1873101128472222,0.06795247395833333,1,262
AND,0.9919686913490295,0.07921006944444445,0.053507486979166664,0.08585611979166667,0.058390299479166664,0,263
SLABS,0.9918822646141052,0.1504177517361111,0.09033203125,0.1601833767361111,0.09501139322916667,1,264
FOR,0.9917518496513367,0.09318033854166667,0.045979817708333336,0.0998263888888889,0.051472981770833336,0,265
"1'-0""",0.9916285276412964,0.4654947916666667,0.9476725260416666,0.4752604166666667,0.9539794921875,54,266
CONCRETE.,0.9910599589347839,0.14567057291666666,0.15096028645833334,0.1628960503472222,0.15543619791666666,1,267
X,0.9905697107315063,0.4102918836805556,0.5497233072916666,0.4116482204861111,0.5517578125,33,268
"15'-0""",0.9905559420585632,0.382080078125,0.15340169270833334,0.394287109375,0.16031901041666666,3,269
BY,0.9904470443725586,0.18541124131944445,0.19185384114583334,0.19002278645833334,0.19734700520833334,1,270
APPROVAL,0.9904457330703735,0.05262586805555555,0.12898763020833334,0.0693088107638889,0.13407389322916666,0,271
THAN,0.9901526570320129,0.1708984375,0.206298828125,0.17930772569444445,0.21158854166666666,11,272
37445,0.9900637269020081,0.9410807291666666,0.3031412760416667,0.9509819878472222,0.3086344401041667,19,273
E,0.9899972677230835,0.2597384982638889,0.6846110026041666,0.2635362413194444,0.6931559244791666,42,274
(20),0.9899845123291016,0.3770616319444444,0.7851155598958334,0.3842502170138889,0.7918294270833334,53,275
TO,0.9898424744606018,0.15977647569444445,0.23335774739583334,0.1641167534722222,0.2386474609375,11,276
FOR,0.9888230562210083,0.1089138454861111,0.20650227864583334,0.11528862847222222,0.21138509114583334,11,277
TRUCTURAL,0.9883047342300415,0.10416666666666667,0.046183268229166664,0.1223415798611111,0.05126953125,1,278
4/26/1,0.9880608320236206,0.946044921875,0.328369140625,0.9703233506944444,0.3395589192708333,18,279
NOTES.,0.9879239201545715,0.15421549479166666,0.1605224609375,0.1657443576388889,0.16560872395833334,1,280
1,0.9878922700881958,0.6386990017361112,0.9480794270833334,0.6418185763888888,0.9531656901041666,56,281
+,0.9876399636268616,0.5129665798611112,0.7244873046875,0.5137803819444444,0.7259114583333334,44,282
ANCHORS,0.987501859664917,0.13753255208333334,0.11474609375,0.15272352430555555,0.11922200520833333,1,283
PERMIT,0.9874626994132996,0.9358723958333334,0.6447347005208334,0.9468587239583334,0.6486002604166666,48,284
SWEEPS,0.9873337745666504,0.1397026909722222,0.20670572916666666,0.1523166232638889,0.211181640625,11,285
"ENCE,",0.9871833324432373,0.10457356770833333,0.1605224609375,0.11406792534722222,0.166015625,11,286
UCTURAL,0.9871821403503418,0.938232421875,0.8475748697916666,0.9659016927083334,0.8561197916666666,59,287
BANDED,0.9871435761451721,0.5716959635416666,0.2630615234375,0.5844455295138888,0.2681477864583333,15,288
-,0.9870344996452332,0.2756076388888889,0.2423095703125,0.2769639756944444,0.24454752604166666,12,289
E.1,0.986949622631073,0.313720703125,0.6673177083333334,0.3196885850694444,0.6740315755208334,32,290
-,0.9860764741897583,0.6396484375,0.9494222005208334,0.640869140625,0.9518636067708334,66,291
BANDED,0.9858280420303345,0.4908582899305556,0.784912109375,0.5036078559027778,0.7899983723958334,54,292
NUMBER:,0.985696017742157,0.924072265625,0.90576171875,0.9373643663194444,0.9096272786458334,58,293
TENDONS,0.985341489315033,0.3255208333333333,0.4182942708333333,0.3411187065972222,0.4233805338541667,23,294
TITI,0.985278844833374,0.9236653645833334,0.8298746744791666,0.9292263454861112,0.8333333333333334,48,295
1.5,0.9852766394615173,0.3590223524305556,0.12166341145833333,0.3651258680555556,0.12837727864583334,3,296
GENERAL,0.9849919676780701,0.08504231770833333,0.24088541666666666,0.09928385416666667,0.245361328125,10,297
REFERENCE,0.9849388599395752,0.05276150173611111,0.046590169270833336,0.0710720486111111,0.050862630208333336,0,298
REGISTERED,0.9849247336387634,0.9353298611111112,0.3053792317708333,0.9573025173611112,0.3171793619791667,18,299
TENDON,0.9848358035087585,0.052490234375,0.17496744791666666,0.06551106770833333,0.1800537109375,0,300
T,0.9843654632568359,0.5973307291666666,0.7244873046875,0.5984157986111112,0.7257080078125,45,301
INTO,0.9843240976333618,0.1095920138888889,0.08992513020833333,0.11705186631944445,0.09541829427083333,1,302
OTES.,0.9840720295906067,0.10416666666666667,0.24007161458333334,0.11284722222222222,0.24617513020833334,11,303
7.5,0.9827894568443298,0.7489691840277778,0.120849609375,0.7552083333333334,0.1287841796875,6,304
MARK,0.9827545285224915,0.1311577690972222,0.23335774739583334,0.1388888888888889,0.2386474609375,10,305
PIPES,0.982193112373352,0.052490234375,0.14363606770833334,0.061713324652777776,0.1483154296875,0,306
4,0.9819989204406738,0.4520670572916667,0.362548828125,0.4542371961805556,0.3643798828125,14,307
OC,0.9818114638328552,0.2666558159722222,0.4862467447916667,0.2690972222222222,0.4892985026041667,22,308
I,0.9814071655273438,0.4667154947916667,0.4890950520833333,0.4676649305555556,0.4911295572916667,24,309
REFERENCE,0.9812063574790955,0.11678059895833333,0.16092936197916666,0.1352267795138889,0.16520182291666666,1,310
DRILLING,0.9808382987976074,0.09711371527777778,0.12166341145833333,0.11121961805555555,0.12674967447916666,0,311
PLAN,0.9799877405166626,0.9439290364583334,0.8734130859375,0.9593912760416666,0.8823649088541666,59,312
TENDONS,0.9796943068504333,0.5730523003472222,0.3006998697916667,0.5881076388888888,0.3057861328125,15,313
STP,0.9796864986419678,0.1340060763888889,0.17435709635416666,0.1388888888888889,0.18046061197916666,0,314
LING,0.9789156317710876,0.10416666666666667,0.1214599609375,0.1113552517361111,0.12715657552083334,1,315
DGES,0.9788987040519714,0.11583116319444445,0.1678466796875,0.12586805555555555,0.17252604166666666,10,316
INSTALL,0.9787421226501465,0.06795247395833333,0.11474609375,0.08015950520833333,0.11922200520833333,0,317
-,0.9784653186798096,0.3639051649305556,0.345458984375,0.3660753038194444,0.3507486979166667,13,318
STRUCTURAL,0.9778006076812744,0.10213216145833333,0.04638671875,0.1223415798611111,0.050862630208333336,0,319
REFER,0.9776131510734558,0.147705078125,0.2337646484375,0.1577419704861111,0.23824055989583334,11,320
CONDUIT,0.9768368601799011,0.10077582465277778,0.1434326171875,0.11474609375,0.14851888020833334,0,321
DESIC,0.9766805768013,0.13047960069444445,0.0726318359375,0.1388888888888889,0.0787353515625,0,322
17-025,0.9750322699546814,0.9460991753472222,0.6113688151041666,0.955322265625,0.6158447265625,39,323
/,0.9732057452201843,0.4100206163194444,0.7206217447916666,0.411376953125,0.72265625,43,324
114',0.973168134689331,0.5471462673611112,0.8494059244791666,0.5555555555555556,0.8559163411458334,54,325
9.,0.9727214574813843,0.044487847222222224,0.233154296875,0.048285590277777776,0.23885091145833334,10,326
O,0.9720768332481384,0.4100206163194444,0.6805419921875,0.4127332899305556,0.6842041015625,43,327
F,0.9717088341712952,0.9392632378472222,0.2695719401041667,0.9421115451388888,0.2734375,18,328
"60'-6""",0.9708238244056702,0.455322265625,0.12736002604166666,0.4672580295138889,0.13346354166666666,4,329
LAYOUT,0.9701233506202698,0.09440104166666667,0.22379557291666666,0.106201171875,0.228271484375,10,330
"""",0.9697392582893372,0.5137803819444444,0.670166015625,0.5150010850694444,0.6724039713541666,44,331
DESIGNED,0.9689773917198181,0.9130859375,0.6282552083333334,0.9285481770833334,0.6325276692708334,48,332
HORIZONIAL,0.9687169194221497,0.05276150173611111,0.18513997395833334,0.07215711805555555,0.18961588541666666,10,333
DRAWN,0.9668876528739929,0.9132215711805556,0.6199137369791666,0.924072265625,0.623779296875,38,334
I,0.9663968682289124,0.4665798611111111,0.3580729166666667,0.4676649305555556,0.3607177734375,24,335
SHORING,0.9663695693016052,0.05276150173611111,0.08056640625,0.06659613715277778,0.08504231770833333,0,336
FROM,0.9657847285270691,0.07161458333333333,0.12919108072916666,0.0802951388888889,0.13387044270833334,0,337
a,0.9654543399810791,0.3224012586805556,0.699462890625,0.3244357638888889,0.7023111979166666,43,338
-,0.9653661251068115,0.8342827690972222,0.4799397786458333,0.8350965711805556,0.4815673828125,37,339
POURING,0.9641891121864319,0.12071397569444445,0.15096028645833334,0.1348198784722222,0.15543619791666666,1,340
-,0.9639731645584106,0.9570855034722222,0.3129069010416667,0.9646809895833334,0.3232828776041667,29,341
a,0.9639463424682617,0.4254828559027778,0.7330322265625,0.4264322916666667,0.7342529296875,43,342
WALL,0.9637839794158936,0.07486979166666667,0.09012858072916667,0.0832790798611111,0.09541829427083333,0,343
PERMANENTLY,0.9625188708305359,0.10633680555555555,0.2337646484375,0.12898763020833334,0.23824055989583334,11,344
PLAN,0.9623193740844727,0.0942654079861111,0.0311279296875,0.10498046875,0.037027994791666664,0,345
/,0.9622802734375,0.4170735677083333,0.3481038411458333,0.4178873697916667,0.3493245442708333,24,346
-,0.9598127603530884,0.4530164930555556,0.733642578125,0.4538302951388889,0.7350667317708334,44,347
TENDONS,0.9595063328742981,0.3261990017361111,0.2764892578125,0.3408474392361111,0.2809651692708333,12,348
1:6,0.9586260914802551,0.14173719618055555,0.19205729166666666,0.14689127604166666,0.1971435546875,1,349
BANDED,0.9582363367080688,0.5802408854166666,0.2945963541666667,0.5927191840277778,0.299072265625,15,350
3.7,0.9581069946289062,0.54443359375,0.12125651041666667,0.550537109375,0.12837727864583334,5,351
6,0.9574965238571167,0.5122884114583334,0.2777099609375,0.5152723524305556,0.28076171875,14,352
"114'-0""",0.9574439525604248,0.5470106336805556,0.8487955729166666,0.5619303385416666,0.8563232421875,55,353
N,0.9573462605476379,0.8342827690972222,0.4805501302083333,0.8379448784722222,0.49072265625,27,354
44,0.9568377733230591,0.9596082899305556,0.2716064453125,0.9609646267361112,0.2730305989583333,18,355
"1'-8""",0.956696093082428,0.3409830729166667,0.15340169270833334,0.3512912326388889,0.1605224609375,3,356
ADDITIONAL,0.9561689496040344,0.11800130208333333,0.1995849609375,0.1360405815972222,0.20406087239583334,1,357
-,0.9547923803329468,0.933837890625,0.2691650390625,0.9346516927083334,0.2703857421875,18,358
HORIZONTAL,0.9542383551597595,0.07988823784722222,0.1922607421875,0.09941948784722222,0.19673665364583334,0,359
N,0.9535572528839111,0.2756076388888889,0.24251302083333334,0.2794053819444444,0.2520751953125,12,360
NG,0.9523320198059082,0.10416666666666667,0.1043701171875,0.10796440972222222,0.11006673177083333,1,361
a,0.9521505236625671,0.5959743923611112,0.7765706380208334,0.5974663628472222,0.7784016927083334,45,362
8',0.9518653750419617,0.59326171875,0.9531656901041666,0.596923828125,0.9596761067708334,55,363
/,0.9504683017730713,0.2762858072916667,0.6158447265625,0.2783203125,0.6186930338541666,32,364
TENDONS,0.9491288065910339,0.3314887152777778,0.74462890625,0.3464084201388889,0.7491048177083334,43,365
#:,0.9488930106163025,0.9273274739583334,0.6111653645833334,0.9304470486111112,0.6160481770833334,38,366
0',0.9487953186035156,0.5657280815972222,0.9537760416666666,0.56884765625,0.9592692057291666,55,367
-,0.9483124613761902,0.4667154947916667,0.4374186197916667,0.467529296875,0.4386393229166667,24,368
GENERAL,0.9480367302894592,0.13780381944444445,0.16092936197916666,0.1520453559027778,0.16520182291666666,1,369
a,0.9468978643417358,0.8340115017361112,0.4795328776041667,0.8355034722222222,0.4819742838541667,27,370
X,0.9467462301254272,0.4143608940972222,0.4164632161458333,0.4159884982638889,0.418701171875,23,371
LO,0.9455289244651794,0.4096137152777778,0.6768798828125,0.4124620225694444,0.6803385416666666,43,372
1,0.945412278175354,0.4664442274305556,0.4864501953125,0.4676649305555556,0.4890950520833333,24,373
1,0.945412278175354,0.4664442274305556,0.3562418619791667,0.4676649305555556,0.35888671875,24,374
REINFORCING,0.9439600706100464,0.1386176215277778,0.1995849609375,0.15950520833333334,0.20406087239583334,11,375
(3),0.9414911270141602,0.3184678819444444,0.41748046875,0.3240288628472222,0.4246012369791667,22,376
-,0.941006064414978,0.52978515625,0.3456624348958333,0.5315483940972222,0.3474934895833333,25,377
"ELECTRICAL,",0.940208375453949,0.05276150173611111,0.13671875,0.0717502170138889,0.14119466145833334,0,378
a,0.9395685195922852,0.8340115017361112,0.672607421875,0.8355034722222222,0.6748453776041666,37,379
+,0.9384869337081909,0.6046549479166666,0.4368082682291667,0.6056043836805556,0.4380289713541667,25,380
a,0.9377075433731079,0.4257541232638889,0.7509358723958334,0.4265679253472222,0.7521565755208334,43,381
POST-TENSIONED,0.9365768631299337,0.1193576388888889,0.09033203125,0.147705078125,0.09480794270833333,1,382
"-0""",0.9358951449394226,0.6260850694444444,0.14078776041666666,0.633544921875,0.1470947265625,6,383
1,0.9347298741340637,0.4664442274305556,0.5641682942708334,0.4676649305555556,0.5662027994791666,34,384
X,0.932873547077179,0.5259874131944444,0.3798421223958333,0.5272081163194444,0.3818766276041667,24,385
=,0.9309457540512085,0.460205078125,0.9496256510416666,0.4634602864583333,0.9532877604166666,64,386
OVER-POURS,0.9307202696800232,0.1666937934027778,0.09765625,0.18839518229166666,0.10213216145833333,1,387
),0.9286362528800964,0.6519911024305556,0.7177734375,0.6544325086805556,0.7206217447916666,46,388
<,0.9280617237091064,0.5095757378472222,0.3712972005208333,0.5103895399305556,0.3725179036458333,24,389
<,0.927753210067749,0.5095757378472222,0.5145263671875,0.5103895399305556,0.5161539713541666,24,390
a,0.9275546073913574,0.4256184895833333,0.7322184244791666,0.4265679253472222,0.7342529296875,44,391
LOCATIONS,0.9271928668022156,0.0680881076388889,0.2337646484375,0.0851779513888889,0.238037109375,10,392
-,0.9263755083084106,0.4519314236111111,0.4909261067708333,0.4527452256944444,0.4921468098958333,24,393
-,0.925500214099884,0.8341471354166666,0.672607421875,0.8353678385416666,0.6746419270833334,47,394
TENDONS,0.9252217411994934,0.62744140625,0.3940836588541667,0.6435818142361112,0.3993733723958333,25,395
TENDONS,0.9248765110969543,0.108642578125,0.1751708984375,0.12342664930555555,0.17964680989583334,10,396
a,0.9246494174003601,0.2754720052083333,0.3476969401041667,0.2768283420138889,0.3499348958333333,22,397
.,0.924286425113678,0.8353678385416666,0.4836018880208333,0.8367241753472222,0.4854329427083333,38,398
1',0.923913836479187,0.3413899739583333,0.15380859375,0.3449164496527778,0.159912109375,2,399
-,0.9215691685676575,0.3441026475694444,0.15523274739583334,0.3455946180555556,0.15767415364583334,2,400
PLAN,0.9201153516769409,0.5764431423611112,0.931396484375,0.594482421875,0.9401448567708334,55,401
X,0.9192835688591003,0.5093044704861112,0.3631591796875,0.5106608072916666,0.3660074869791667,24,402
I,0.9186576008796692,0.9617784288194444,0.3147379557291667,0.9635416666666666,0.3177897135416667,28,403
C,0.9175829887390137,0.2761501736111111,0.2520751953125,0.2785915798611111,0.25634765625,12,404
SHALL,0.9162659645080566,0.16276041666666666,0.09033203125,0.17252604166666666,0.09501139322916667,1,405
"53'-6""",0.9106470346450806,0.6551106770833334,0.12613932291666666,0.6682671440972222,0.13448079427083334,6,406
-,0.9097870588302612,0.4523383246527778,0.4929606119791667,0.4536946614583333,0.494384765625,34,407
ENDS,0.9095680713653564,0.06795247395833333,0.1751708984375,0.07636176215277778,0.17985026041666666,10,408
-,0.9086272716522217,0.7443576388888888,0.6707763671875,0.7476128472222222,0.6760660807291666,36,409
X,0.9049907326698303,0.5095757378472222,0.4899088541666667,0.5103895399305556,0.4911295572916667,24,410
),0.8989681601524353,0.10430230034722222,0.17537434895833334,0.106201171875,0.17842610677083334,1,411
I,0.8989008069038391,0.4253472222222222,0.7358805338541666,0.4269748263888889,0.7472737630208334,43,412
UPPER,0.8986295461654663,0.440673828125,0.9318033854166666,0.4634602864583333,0.93994140625,54,413
TABLES.,0.8971010446548462,0.12437608506944445,0.0537109375,0.1369900173611111,0.058186848958333336,1,414
ESCRIPTION,0.8969600200653076,0.9379611545138888,0.6365966796875,0.9560004340277778,0.6410725911458334,39,415
INTO,0.8964822888374329,0.11338975694444445,0.1214599609375,0.1205783420138889,0.126953125,1,416
2,0.8963814377784729,0.2761501736111111,0.7222493489583334,0.2784559461805556,0.7265218098958334,42,417
"""",0.8950484395027161,0.3553602430555556,0.550537109375,0.3564453125,0.5521647135416666,33,418
REQUIREMENTS,0.8934923708438873,0.162353515625,0.1995849609375,0.1862250434027778,0.20406087239583334,11,419
"5'-0""OC",0.8892989158630371,0.3268771701388889,0.5550130208333334,0.3411187065972222,0.5611165364583334,32,420
+,0.888114869594574,0.6277126736111112,0.4888916015625,0.6287977430555556,0.4905192057291667,35,421
TENDONS,0.8863720893859863,0.325927734375,0.6917317708333334,0.3409830729166667,0.6968180338541666,42,422
JURISDICTIONAL,0.8824892342090607,0.9130859375,0.7232666015625,0.9375,0.7275390625,48,423
REMOVE,0.8817285895347595,0.09101019965277778,0.09765625,0.10362413194444445,0.10213216145833333,0,424
+,0.8809634447097778,0.6990559895833334,0.5657958984375,0.7004123263888888,0.5678304036458334,36,425
RESHORING.,0.8801766633987427,0.07798936631944445,0.08056640625,0.09697808159722222,0.08504231770833333,0,426
-,0.8791730999946594,0.3553602430555556,0.4172770182291667,0.3564453125,0.4197184244791667,23,427
a,0.8780781626701355,0.4256184895833333,0.7558186848958334,0.4264322916666667,0.7570393880208334,44,428
AND,0.8702570796012878,0.06876627604166667,0.08015950520833333,0.07568359375,0.08565266927083333,0,429
C,0.8701897263526917,0.8349609375,0.6752522786458334,0.8364529079861112,0.6770833333333334,47,430
POST-TENS,0.8696433305740356,0.11922200520833333,0.09012858072916667,0.1384819878472222,0.09521484375,0,431
POST,0.8651379942893982,0.12925889756944445,0.1043701171875,0.13875325520833334,0.10986328125,0,432
-,0.8631760478019714,0.4531521267361111,0.6486002604166666,0.4539659288194444,0.6498209635416666,34,433
POST-TENSIONED,0.8629114826520284,0.05276150173611111,0.12186686197916667,0.08097330729166667,0.1263427734375,0,434
@,0.8625126481056213,0.3225368923611111,0.5560302734375,0.3245713975694444,0.55908203125,33,435
Z,0.8612769842147827,0.95050048828125,0.939178466796875,0.9578857421875,0.951446533203125,69,436
(9),0.8594717979431152,0.5669487847222222,0.7843017578125,0.5723741319444444,0.7920328776041666,55,437
OVER-POURS,0.8594014644622803,0.08531358506944445,0.09012858072916667,0.107421875,0.09521484375,0,438
ENGY,0.8580769300460815,0.9505750868055556,0.3125,0.9610188802083334,0.3224690755208333,29,439
SLAB,0.8578221201896667,0.16221788194444445,0.12186686197916667,0.17008463541666666,0.12654622395833334,1,440
9,0.8562057018280029,0.5144585503472222,0.3804524739583333,0.5156792534722222,0.3824869791666667,24,441
ENDONS,0.8549386262893677,0.10416666666666667,0.18473307291666666,0.11705186631944445,0.19002278645833334,11,442
)),0.8537279367446899,0.625,0.7853190104166666,0.62744140625,0.7904052734375,56,443
O,0.8517330288887024,0.2762858072916667,0.4823811848958333,0.2787272135416667,0.4872639973958333,22,444
MINIMUM,0.8517098426818848,0.05262586805555555,0.16805013020833334,0.0661892361111111,0.17252604166666666,0,445
SLAB,0.8454497456550598,0.5562337239583334,0.931396484375,0.5738661024305556,0.9403483072916666,55,446
4,0.8449361324310303,0.45166015625,0.4923502604166667,0.4541015625,0.4947916666666667,24,447
FOR,0.844268262386322,0.0698513454861111,0.19938151041666666,0.07622612847222222,0.20426432291666666,10,448
"5'-0""OC",0.840400755405426,0.3270128038194444,0.3466796875,0.3411187065972222,0.3525797526041667,13,449
-,0.8386640548706055,0.5558268229166666,0.3175862630208333,0.5635579427083334,0.330810546875,15,450
-,0.8384270071983337,0.9431966145833334,0.3226725260416667,0.9524197048611112,0.3273518880208333,28,451
D.1,0.8341023921966553,0.836181640625,0.5478922526041666,0.8531358506944444,0.5594889322916666,37,452
BANDED,0.8328652381896973,0.1715766059027778,0.16805013020833334,0.18391927083333334,0.17252604166666666,1,453
-,0.8275534510612488,0.9391276041666666,0.27099609375,0.9400770399305556,0.2730305989583333,18,454
XXXX,0.827157735824585,0.509033203125,0.3794352213541667,0.5145941840277778,0.3824869791666667,24,455
-,0.8271251916885376,0.3553602430555556,0.6827799479166666,0.3564453125,0.6852213541666666,43,456
NSPECTION,0.8149996995925903,0.10362413194444445,0.0537109375,0.1220703125,0.058186848958333336,0,457
IBLE,0.8148078322410583,0.10416666666666667,0.07283528645833333,0.11176215277777778,0.07832845052083333,1,458
A,0.8120257258415222,0.3559027777777778,0.3623453776041667,0.3580729166666667,0.3641764322916667,13,459
5/S3.3.,0.8101754784584045,0.07378472222222222,0.21341959635416666,0.0863986545138889,0.21952311197916666,10,460
"PROTECTION,",0.8093376755714417,0.10416666666666667,0.13590494791666666,0.12383355034722222,0.14180501302083334,1,461
à,0.8074467778205872,0.4165310329861111,0.3460693359375,0.4176161024305556,0.3476969401041667,13,462
41,0.8052868843078613,0.579833984375,0.9547932942708334,0.582275390625,0.9586588541666666,55,463
I,0.8048958778381348,0.45654296875,0.7000732421875,0.4573567708333333,0.7017008463541666,44,464
(3),0.8036620020866394,0.5726453993055556,0.2933756510416667,0.5780707465277778,0.3009033203125,15,465
-,0.8031162023544312,0.7520887586805556,0.6813557942708334,0.7529025607638888,0.6829833984375,46,466
-,0.8008098602294922,0.9381781684027778,0.2650960286458333,0.9389919704861112,0.2663167317708333,18,467
TENDONS,0.7987809777259827,0.05262586805555555,0.19246419270833334,0.0674099392361111,0.19673665364583334,10,468
SIONAL,0.7986781001091003,0.9375,0.31494140625,0.9509819878472222,0.3243001302083333,19,469
POST-TENSIONED,0.7984066605567932,0.4923502604166667,0.9315999348958334,0.5540635850694444,0.9401448567708334,54,470
-,0.7979337573051453,0.7245551215277778,0.555419921875,0.7328287760416666,0.5680338541666666,36,471
SLAB.,0.7976400256156921,0.08368598090277778,0.12186686197916667,0.09236653645833333,0.12654622395833334,0,472
a,0.7974022626876831,0.2754720052083333,0.6136067708333334,0.2768283420138889,0.6156412760416666,32,473
REINFORCING,0.7968100905418396,0.06239149305555555,0.22379557291666666,0.08314344618055555,0.228271484375,10,474
26'-2/2,0.7964080572128296,0.6926812065972222,0.13773600260416666,0.7080078125,0.147705078125,6,475
:,0.7952369451522827,0.26611328125,0.4838053385416667,0.267333984375,0.48583984375,32,476
NEEP,0.79355388879776,0.10416666666666667,0.19185384114583334,0.11244032118055555,0.19734700520833334,11,477
(3),0.792089581489563,0.5646430121527778,0.2622477213541667,0.5692545572916666,0.2693684895833333,15,478
SHEFT,0.7916736006736755,0.9129503038194444,0.8298746744791666,0.9232584635416666,0.8333333333333334,48,479
"16'-0""",0.7879486083984375,0.6216091579861112,0.1409912109375,0.6336805555555556,0.1470947265625,5,480
-,0.7861648201942444,0.5300564236111112,0.3483072916666667,0.5308702256944444,0.3499348958333333,15,481
à,0.7855876684188843,0.4252115885416667,0.7631429036458334,0.4269748263888889,0.7666015625,44,482
O,0.7854959964752197,0.2762858072916667,0.7875569661458334,0.2783203125,0.7906087239583334,42,483
PERPENDICULAR,0.7841953635215759,0.1284450954861111,0.16805013020833334,0.1544867621527778,0.17252604166666666,1,484
A,0.7825761437416077,0.4256184895833333,0.7322184244791666,0.4264322916666667,0.7334391276041666,43,485
a,0.7802445292472839,0.3228081597222222,0.3483072916666667,0.3243001302083333,0.350341796875,12,486
L,0.7774742841720581,0.9201388888888888,0.14139811197916666,0.933837890625,0.17232259114583334,8,487
"5'-0""OC",0.7764528393745422,0.3270128038194444,0.477294921875,0.3411187065972222,0.4833984375,23,488
"5'-0""OC",0.7746696472167969,0.3270128038194444,0.6331380208333334,0.3409830729166667,0.6390380859375,32,489
,0.7698586583137512,0.5206976996527778,0.545654296875,0.5220540364583334,0.5470784505208334,34,490
-,0.7694039344787598,0.9444715711805556,0.3127034505208333,0.9475911458333334,0.3153483072916667,29,491
"NSION,",0.7671314477920532,0.10416666666666667,0.11393229166666667,0.11542426215277778,0.12064615885416667,1,492
A,0.7586169242858887,0.452880859375,0.7352701822916666,0.4550509982638889,0.7371012369791666,44,493
(3),0.7583444714546204,0.7685004340277778,0.5881754557291666,0.7740614149305556,0.5959065755208334,37,494
S,0.7574694752693176,0.5094401041666666,0.3470865885416667,0.5106608072916666,0.3493245442708333,24,495
POST-TENSIONING,0.7529654502868652,0.05276150173611111,0.24088541666666666,0.08219401041666667,0.245361328125,10,496
t,0.7526652216911316,0.4098849826388889,0.7777913411458334,0.4117838541666667,0.7806396484375,43,497
-,0.7519684433937073,0.3641764322916667,0.3489176432291667,0.3655327690972222,0.3507486979166667,23,498
(4),0.7464430928230286,0.3191460503472222,0.6911214192708334,0.3236219618055556,0.6978352864583334,43,499
TENDONS.,0.74631267786026,0.16031901041666666,0.10498046875,0.17618815104166666,0.10945638020833333,1,500
I,0.7457990050315857,0.4672580295138889,0.64453125,0.4680718315972222,0.6461588541666666,34,501
ARCHITECTURAL,0.744708240032196,0.142822265625,0.0634765625,0.16805013020833334,0.06795247395833333,1,502
-,0.7414829134941101,0.9600694444444444,0.31005859375,0.9608832465277778,0.311279296875,19,503
-,0.7372757792472839,0.4154459635416667,0.3481038411458333,0.4178873697916667,0.3521728515625,23,504
-,0.732134222984314,0.277099609375,0.2553304036458333,0.2779134114583333,0.2567545572916667,12,505
TITLE:,0.7315768599510193,0.9236653645833334,0.830078125,0.9327528211805556,0.8345540364583334,58,506
HORIZONTAL,0.7278221845626831,0.11786566840277778,0.20670572916666666,0.13753255208333334,0.211181640625,10,507
GREATER,0.7264710664749146,0.14662000868055555,0.18513997395833334,0.1605902777777778,0.18961588541666666,1,508
5',0.7251318097114563,0.550537109375,0.15279134114583334,0.555419921875,0.1580810546875,4,509
K,0.7248660326004028,0.40283203125,0.7236735026041666,0.4082573784722222,0.7261149088541666,43,510
Lr,0.7213428020477295,0.2761501736111111,0.3578694661458333,0.2780490451388889,0.3617350260416667,12,511
AND,0.7182033658027649,0.14417860243055555,0.07283528645833333,0.1510959201388889,0.07832845052083333,1,512
"1'-8""",0.716227114200592,0.7573784722222222,0.14058430989583334,0.7674153645833334,0.14750162760416666,7,513
,0.7157398462295532,0.8344184027777778,0.675048828125,0.8368598090277778,0.6768798828125,37,514
9,0.7126691341400146,0.6521267361111112,0.5423990885416666,0.6549750434027778,0.5462646484375,35,515
-,0.7104424834251404,0.7420518663194444,0.6268310546875,0.7439507378472222,0.6304931640625,36,516
POST-TENSIONED,0.708402951558431,0.12953016493055555,0.10498046875,0.15787760416666666,0.10945638020833333,1,517
1,0.7060152888298035,0.511474609375,0.4860432942708333,0.5128309461805556,0.4878743489583333,24,518
"5'-0""OC",0.7033795118331909,0.3270128038194444,0.4246012369791667,0.3411187065972222,0.4307047526041667,22,519
TENDONS,0.7002323269844055,0.08232964409722222,0.16805013020833334,0.09697808159722222,0.17252604166666666,10,520
U,0.6976402401924133,0.5122884114583334,0.7637532552083334,0.5137803819444444,0.7657877604166666,44,521
X,0.6922215223312378,0.2669270833333333,0.4866536458333333,0.2684190538194444,0.4886881510416667,32,522
-,0.6899919509887695,0.6514485677083334,0.6190999348958334,0.6528049045138888,0.6205240885416666,36,523
POST-IENENSIONED,0.6886929869651794,0.06130642361111111,0.15096028645833334,0.08965386284722222,0.15543619791666666,0,524
-,0.6882969737052917,0.9436577690972222,0.3131103515625,0.9450141059027778,0.3145345052083333,29,525
-,0.6838923692703247,0.8341471354166666,0.6034342447916666,0.8355034722222222,0.6058756510416666,37,526
PERMANENILY,0.6775475740432739,0.10633680555555555,0.2337646484375,0.1291232638888889,0.238037109375,10,527
TENDONS,0.6755787134170532,0.4888237847222222,0.3035481770833333,0.5040147569444444,0.3086344401041667,14,528
1'-,0.6721412539482117,0.7579210069444444,0.14139811197916666,0.7634819878472222,0.146484375,6,529
"5'-4)2""",0.6713136434555054,0.5498589409722222,0.1507568359375,0.5638292100694444,0.16092936197916666,5,530
#,0.6711219549179077,0.7450358072916666,0.6732177734375,0.7470703125,0.6760660807291666,37,531
"MECHANICAL,",0.6711215376853943,0.16954210069444445,0.1287841796875,0.191650390625,0.13448079427083334,1,532
POST-IENSIONED,0.6699970165888468,0.13142903645833334,0.1220703125,0.1596408420138889,0.1263427734375,1,533
:,0.6659793257713318,0.2754720052083333,0.7855224609375,0.2768283420138889,0.7875569661458334,42,534
6,0.6625098586082458,0.9372287326388888,0.09501139322916667,0.9444173177083334,0.11800130208333333,8,535
EGISTERED,0.658626914024353,0.9375,0.3055826822916667,0.9573567708333334,0.3175862630208333,19,536
a,0.6520740389823914,0.9589301215277778,0.3096516927083333,0.9609646267361112,0.3125,18,537
REINFORCING,0.6491267681121826,0.1535373263888889,0.22379557291666666,0.17442491319444445,0.228271484375,11,538
HORIZONIAL,0.6479640007019043,0.11773003472222222,0.20670572916666666,0.1372612847222222,0.211181640625,11,539
TENDONS,0.6478686928749084,0.325927734375,0.5485026041666666,0.3409830729166667,0.5535888671875,32,540
TENDONS,0.6387490034103394,0.325927734375,0.6266276041666666,0.3409830729166667,0.6317138671875,33,541
TENDONS,0.6369562149047852,0.3260633680555556,0.3403727213541667,0.3408474392361111,0.3448486328125,22,542
"5'-0""0C",0.6323321461677551,0.3270128038194444,0.3466796875,0.3411187065972222,0.3525797526041667,23,543
"14-4)2""",0.6309266686439514,0.5308702256944444,0.1373291015625,0.5464680989583334,0.14811197916666666,5,544
0,0.6294901967048645,0.7420518663194444,0.6689453125,0.7444932725694444,0.6728108723958334,47,545
RESPONSIBLE,0.6289108395576477,0.08965386284722222,0.07344563802083333,0.1113552517361111,0.07792154947916667,0,546
"PLUMBING,",0.6276514530181885,0.0747341579861111,0.13671875,0.091552734375,0.14119466145833334,0,547
AND,0.6272883415222168,0.09507921006944445,0.06327311197916667,0.10172526041666667,0.06815592447916667,0,548
E.,0.6233402490615845,0.9296332465277778,0.8298746744791666,0.9327528211805556,0.8333333333333334,48,549
ONDUIT,0.6226926445960999,0.10416666666666667,0.1434326171875,0.11474609375,0.14872233072916666,1,550
I,0.622602641582489,0.9518771701388888,0.323486328125,0.953369140625,0.3255208333333333,28,551
C,0.6206050515174866,0.2762858072916667,0.3497314453125,0.2781846788194444,0.3525797526041667,12,552
DIBEL,0.6195588111877441,0.9480794270833334,0.260009765625,0.9609646267361112,0.2734375,18,553
à,0.6173363924026489,0.9590657552083334,0.2707926432291667,0.9604220920138888,0.272216796875,18,554
ABBREVIATIONS,0.6160397529602051,0.05276150173611111,0.0537109375,0.076904296875,0.058186848958333336,0,555
POST-TENSIONED,0.6147008339564005,0.04503038194444445,0.031534830729166664,0.08110894097222222,0.03662109375,0,556
0,0.6129828691482544,0.5205620659722222,0.42236328125,0.523681640625,0.4307047526041667,24,557
STRUCTURAL,0.6116303205490112,0.9262424045138888,0.8477783203125,0.9657118055555556,0.855712890625,58,558
REINFORCING,0.6112232804298401,0.086669921875,0.10498046875,0.10755750868055555,0.1092529296875,0,559
I,0.6092607378959656,0.5129665798611112,0.6752522786458334,0.5141872829861112,0.677490234375,44,560
XX,0.608266294002533,0.5268012152777778,0.4178873697916667,0.5289713541666666,0.4201253255208333,25,561
-,0.6052134037017822,0.9376356336805556,0.2659098307291667,0.9384494357638888,0.2671305338541667,18,562
:,0.6041748523712158,0.4254828559027778,0.7474772135416666,0.4267035590277778,0.7523600260416666,44,563
-,0.5959944128990173,0.9316677517361112,0.42724609375,0.93505859375,0.4317220052083333,28,564
-,0.5947366952896118,0.6517198350694444,0.7198079427083334,0.6545681423611112,0.7269287109375,46,565
,0.5945999622344971,0.13753255208333334,0.16072591145833334,0.1388888888888889,0.1654052734375,0,566
C,0.594412624835968,0.4151746961805556,0.2777099609375,0.4172092013888889,0.2803548177083333,13,567
.,0.5935971736907959,0.9322102864583334,0.2707926432291667,0.9330240885416666,0.2720133463541667,18,568
9'-7)2,0.5916838645935059,0.5759006076388888,0.13753255208333334,0.5890570746527778,0.147705078125,5,569
4,0.5895485281944275,0.5211046006944444,0.4475911458333333,0.5225965711805556,0.4496256510416667,25,570
U,0.5869920253753662,0.9581298828125,0.94183349609375,0.96148681640625,0.950164794921875,69,571
XCESSIVE,0.5848893523216248,0.11461046006944445,0.09765625,0.13142903645833334,0.10213216145833333,0,572
-,0.5824584364891052,0.5300564236111112,0.3489176432291667,0.5308702256944444,0.3501383463541667,25,573
1,0.5809075236320496,0.5574544270833334,0.7309977213541666,0.5589463975694444,0.7334391276041666,45,574
STRESSED.,0.5796846747398376,0.13427734375,0.17537434895833334,0.15123155381944445,0.17964680989583334,11,575
TENDONS,0.577618420124054,0.1022677951388889,0.18513997395833334,0.1169162326388889,0.18961588541666666,10,576
S1.0-S1.3,0.571341335773468,0.07378472222222222,0.04638671875,0.09073893229166667,0.050862630208333336,0,577
"4'-0""OC",0.5705358386039734,0.3268771701388889,0.6982421875,0.3411187065972222,0.704345703125,43,578
to,0.5693796873092651,0.2760145399305556,0.7293701171875,0.2788628472222222,0.7350667317708334,42,579
"4'-0""0C",0.5656638145446777,0.3770616319444444,0.7505289713541666,0.3911675347222222,0.7564290364583334,43,580
8,0.5652650594711304,0.9356011284722222,0.062052408854166664,0.9453667534722222,0.08524576822916667,8,581
I,0.5571094751358032,0.3640407986111111,0.3452555338541667,0.3660753038194444,0.3487141927083333,23,582
,0.553053081035614,0.5464680989583334,0.15767415364583334,0.5491807725694444,0.16133626302083334,5,583
OC,0.5509945154190063,0.3624131944444444,0.4160563151041667,0.3644476996527778,0.4189046223958333,23,584
1O,0.5505296587944031,0.5963812934027778,0.5423990885416666,0.5995008680555556,0.5458577473958334,35,585
X,0.5502438545227051,0.5738661024305556,0.5670166015625,0.574951171875,0.5686442057291666,35,586
/,0.5501313209533691,0.5122884114583334,0.7368977864583334,0.5136447482638888,0.7387288411458334,44,587
a,0.5484911799430847,0.3224012586805556,0.4787190755208333,0.3244357638888889,0.4813639322916667,32,588
LEVATIONS,0.5442080497741699,0.10416666666666667,0.0634765625,0.12247721354166667,0.06795247395833333,0,589
"1/2"".",0.543647050857544,0.0796169704861111,0.09663899739583333,0.08856879340277778,0.10355631510416667,0,590
7,0.5432316660881042,0.5666775173611112,0.13203938802083334,0.5677625868055556,0.1336669921875,5,591
io,0.5389178395271301,0.8345540364583334,0.48828125,0.83740234375,0.49560546875,27,592
COI,0.5376057624816895,0.13346354166666666,0.0970458984375,0.1388888888888889,0.10274251302083333,0,593
@,0.530917763710022,0.3224012586805556,0.426025390625,0.3244357638888889,0.4288736979166667,22,594
"16'-8""",0.5305600166320801,0.3793674045138889,0.1409912109375,0.3913031684027778,0.1470947265625,3,595
*,0.5299051403999329,0.9331597222222222,0.2689615885416667,0.9342447916666666,0.2705891927083333,18,596
3,0.5285317897796631,0.7291666666666666,0.5609130859375,0.7318793402777778,0.56640625,37,597
SPACING,0.528381884098053,0.0937228732638889,0.1995849609375,0.10701497395833333,0.20406087239583334,10,598
ELEVATIONS,0.5252676010131836,0.10416666666666667,0.06327311197916667,0.12261284722222222,0.068359375,1,599
STAGING,0.5219399333000183,0.1532660590277778,0.07303873697916667,0.16642252604166666,0.078125,1,600
-,0.5145410299301147,0.8342827690972222,0.6044514973958334,0.8378092447916666,0.6203206380208334,38,601
29'-5/2,0.5132388472557068,0.4570855034722222,0.137939453125,0.4728190104166667,0.147705078125,4,602
3,0.5130370259284973,0.8341471354166666,0.6036376953125,0.8382161458333334,0.6205240885416666,37,603
8,0.5121598243713379,0.5281575520833334,0.3851318359375,0.5293782552083334,0.3889973958333333,25,604
N,0.5065970420837402,0.9361436631944444,0.039469401041666664,0.9459092881944444,0.0579833984375,8,605
-,0.5062308311462402,0.9341091579861112,0.1324462890625,0.947265625,0.17720540364583334,8,606
"Y8""",0.5034438967704773,0.4515245225694444,0.9454345703125,0.4592556423611111,0.9566243489583334,54,607
-,0.5031456351280212,0.9332953559027778,0.2699788411458333,0.9341091579861112,0.2711995442708333,18,608
IS,0.5000075101852417,0.7291666666666666,0.7916259765625,0.732421875,0.7963053385416666,57,609
a,0.49885186553001404,0.9322102864583334,0.2691650390625,0.9337022569444444,0.2714029947916667,18,610
e,0.49470052123069763,0.96142578125,0.3037516276041667,0.9640028211805556,0.3082275390625,19,611
I,0.4930478036403656,0.5121527777777778,0.2864583333333333,0.5143229166666666,0.2891031901041667,14,612
S,0.489553838968277,0.4257541232638889,0.7566324869791666,0.4265679253472222,0.7578531901041666,43,613
Imr,0.47866183519363403,0.9376898871527778,0.3218587239583333,0.9547797309027778,0.3293863932291667,19,614
2,0.47593194246292114,0.7419162326388888,0.6660970052083334,0.74462890625,0.6703694661458334,47,615
"V8""",0.47562646865844727,0.4513888888888889,0.945556640625,0.4593912760416667,0.9567464192708334,64,616
2,0.4732508957386017,0.2756076388888889,0.625,0.2794053819444444,0.631103515625,42,617
,0.4686444401741028,0.7412380642361112,0.7161458333333334,0.7447645399305556,0.7230631510416666,47,618
a,0.4629925787448883,0.9476725260416666,0.3232828776041667,0.9518771701388888,0.3275553385416667,18,619
6,0.4534377455711365,0.7412380642361112,0.665283203125,0.745849609375,0.673828125,36,620
-,0.451399564743042,0.4253472222222222,0.7562255859375,0.4269748263888889,0.762939453125,44,621
3,0.44889846444129944,0.5113389756944444,0.6162516276041666,0.5148654513888888,0.6211344401041666,34,622
-,0.4460085928440094,0.9604220920138888,0.3092447916666667,0.9612358940972222,0.3104654947916667,18,623
à,0.44501814246177673,0.4253472222222222,0.7253011067708334,0.4265679253472222,0.7281494140625,44,624
-,0.43859946727752686,0.5126953125,0.6789143880208334,0.5145941840277778,0.6821695963541666,44,625
I,0.4282712936401367,0.9407552083333334,0.07954915364583333,0.9415690104166666,0.08076985677083333,8,626
D,0.42432326078414917,0.7411024305555556,0.7159423828125,0.7450358072916666,0.7236735026041666,46,627
8,0.42056217789649963,0.5093044704861112,0.3548177083333333,0.5105251736111112,0.3586832682291667,24,628
2,0.41822391748428345,0.740966796875,0.6209309895833334,0.7449001736111112,0.6288655598958334,36,629
L,0.4121769070625305,0.4093424479166667,0.7175699869791666,0.4119194878472222,0.7204182942708334,43,630
LE,0.4075058698654175,0.5137803819444444,0.6864420572916666,0.5159505208333334,0.6894938151041666,44,631
14-4)2,0.40457701683044434,0.5308702256944444,0.1373291015625,0.5467393663194444,0.14811197916666666,4,632
&,0.3977464437484741,0.5280219184027778,0.3912353515625,0.5296495225694444,0.3959147135416667,24,633
5,0.38976016640663147,0.601806640625,0.7765706380208334,0.6035698784722222,0.7781982421875,45,634
19,0.3880791962146759,0.5844455295138888,0.413818359375,0.5879720052083334,0.421142578125,25,635
1),0.3821732699871063,0.5617947048611112,0.152587890625,0.5631510416666666,0.15462239583333334,5,636
0,0.3819756507873535,0.5257161458333334,0.3800455729166667,0.5272081163194444,0.3818766276041667,25,637
4,0.3811129629611969,0.9327528211805556,0.2707926432291667,0.9335666232638888,0.2720133463541667,18,638
5,0.37772104144096375,0.5277506510416666,0.390625,0.5299207899305556,0.3965250651041667,25,639
a,0.37407103180885315,0.9438747829861112,0.323486328125,0.9490288628472222,0.3275553385416667,18,640
L,0.36077067255973816,0.5472819010416666,0.15848795572916666,0.5483669704861112,0.16011555989583334,4,641
C,0.3570996820926666,0.2761501736111111,0.6243896484375,0.2785915798611111,0.6282552083333334,32,642
*,0.3467263877391815,0.5094401041666666,0.4935709635416667,0.5105251736111112,0.4947916666666667,24,643
ENGIN,0.3466090261936188,0.9505208333333334,0.3086344401041667,0.9620496961805556,0.3224690755208333,18,644
-,0.3450714945793152,0.9384494357638888,0.2640787760416667,0.9392632378472222,0.2652994791666667,18,645
a,0.34463346004486084,0.4256184895833333,0.7476806640625,0.4267035590277778,0.7513427734375,43,646
,0.335218608379364,0.9312608506944444,0.2754720052083333,0.9368218315972222,0.2852376302083333,18,647
2,0.32799431681632996,0.4094780815972222,0.7234700520833334,0.4116482204861111,0.7261149088541666,43,648
%,0.3250676989555359,0.4257541232638889,0.7517496744791666,0.4265679253472222,0.7529703776041666,44,649
CNSIONAL,0.3238096237182617,0.9315321180555556,0.31005859375,0.9520128038194444,0.3257242838541667,18,650
-,0.32139772176742554,0.5539279513888888,0.9495035807291666,0.5547417534722222,0.9507242838541666,54,651
-,0.3198513984680176,0.8355034722222222,0.4831949869791667,0.8367241753472222,0.4852294921875,37,652
N,0.3038475513458252,0.5284288194444444,0.3851318359375,0.5293782552083334,0.3871663411458333,24,653
1,0.29482629895210266,0.7427300347222222,0.7222493489583334,0.7439507378472222,0.7246907552083334,46,654
a,0.288530558347702,0.6936306423611112,0.5092366536458334,0.70556640625,0.5259195963541666,36,655
t,0.2781038284301758,0.7405598958333334,0.6644694010416666,0.748291015625,0.6760660807291666,37,656
L,0.2696223556995392,0.8348253038194444,0.4890950520833333,0.8371310763888888,0.49560546875,28,657
USIONAL,0.25782573223114014,0.9309895833333334,0.3125,0.9520128038194444,0.3255208333333333,28,658
ENDIN,0.2498132437467575,0.950439453125,0.3086344401041667,0.9619683159722222,0.3226725260416667,19,659
,0.2226557731628418,0.4256184895833333,0.7720947265625,0.4265679253472222,0.7733154296875,43,660
DIPLA,0.21143347024917603,0.9474555121527778,0.2587890625,0.9637315538194444,0.2779134114583333,19,661
23,0.2110500931739807,0.6716579861111112,0.4770914713541667,0.679931640625,0.4892985026041667,36,662
XX,0.17703019082546234,0.509033203125,0.362548828125,0.5109320746527778,0.3645833333333333,14,663
2o,0.133737251162529,0.6716579861111112,0.4768880208333333,0.679931640625,0.4892985026041667,26,664
MN,0.13263988494873047,0.9375,0.3188069661458333,0.958984375,0.3306070963541667,29,665
